상품명,재질,색상,분류,카테고리,품목코드,제품명,단가,구수제한
1구,듀로플라스틱,화이트,프레임,,LS981WW,프레임 1구,8900,
2구,듀로플라스틱,화이트,프레임,,LS982WW,프레임 2구,15690,
3구,듀로플라스틱,화이트,프레임,,LS983WW,프레임 3구,23400,
4구,듀로플라스틱,화이트,프레임,,LS984WW,프레임 4구,42120,
5구,듀로플라스틱,화이트,프레임,,LS985WW,프레임 5구,60610,
1회로(3로겸용),듀로플라스틱,화이트,모듈,스위치류,506U,인서트 1회로 (3로겸용),18960,
1회로(3로겸용),듀로플라스틱,화이트,모듈,스위치류,LS990WW,커버 1회로 스위치,10770,
1회로(일괄소등),듀로플라스틱,화이트,모듈,스위치류,506-20U,인서트 일괄소등 1회로 (3로겸용),42120,
1회로(일괄소등),듀로플라스틱,화이트,모듈,스위치류,LS990WW,커버 1회로 스위치,10770,
2회로(단로전용),듀로플라스틱,화이트,모듈,스위치류,505U,인서트 2회로 (단로전용),29730,
2회로(단로전용),듀로플라스틱,화이트,모듈,스위치류,LS995WW,커버 2회로 스위치,16150,
2회로(3로겸용),듀로플라스틱,화이트,모듈,스위치류,509U,인서트 2회로 (3로겸용),52890,
2회로(3로겸용),듀로플라스틱,화이트,모듈,스위치류,LS995WW,커버 2회로 스위치,16150,
3회로(3로겸용),듀로플라스틱,화이트,모듈,스위치류,5306EU,인서트 단로 3회로 (3로겸용),68340,1
3회로(3로겸용),듀로플라스틱,화이트,모듈,스위치류,LS993BFWW,커버 3회로 스위치,33000,
로터리디밍,듀로플라스틱,화이트,모듈,스위치류,1731DD,인서트 로터리디밍 (LED100W),311260,
로터리디밍,듀로플라스틱,화이트,모듈,스위치류,LS1740WW,커버 로터리디밍,22460,
콘센트,듀로플라스틱,화이트,모듈,콘센트류,LS1520KIWW,콘센트220V (인서트+커버),25970,
방우콘센트,듀로플라스틱,화이트,모듈,콘센트류,LS1520KIKLWW,콘센트220V 방우형 (인서트+커버),43070,
콘센트(USB-A),듀로플라스틱,화이트,모듈,콘센트류,LS1520-18AWW,콘센트220V USB-A (인서트+커버),215540,
콘센트(USB-C),듀로플라스틱,화이트,모듈,콘센트류,LS1520-18CWW,콘센트220V USB-C (인서트+커버),215540,
콘센트(USB-C/A),듀로플라스틱,화이트,모듈,콘센트류,LS1520-15CAWW,콘센트220V USB-C/A (인서트+커버),215540,
1회로(TEL/LAN),듀로플라스틱,화이트,모듈,기타류,UAE8UPOK6,인서트 1P TEL/LAN,58520,
1회로(TEL/LAN),듀로플라스틱,화이트,모듈,기타류,LS969-1UAWW,커버 1P TEL/LAN,12880,
2회로(TEL/LAN),듀로플라스틱,화이트,모듈,기타류,UAE8-8UPOK6,인서트 2P TEL/LAN,78160,
2회로(TEL/LAN),듀로플라스틱,화이트,모듈,기타류,LS969-2UAWW,커버 2P TEL/LAN,14170,
1구,듀로플라스틱,아이보리,프레임,,LS981W,프레임 1구,9120,
2구,듀로플라스틱,아이보리,프레임,,LS982W,프레임 2구,17560,
3구,듀로플라스틱,아이보리,프레임,,LS983W,프레임 3구,25970,
4구,듀로플라스틱,아이보리,프레임,,LS984W,프레임 4구,46340,
5구,듀로플라스틱,아이보리,프레임,,LS985W,프레임 5구,65530,
1회로(3로겸용),듀로플라스틱,아이보리,모듈,스위치류,506U,인서트 1회로 (3로겸용),18960,
1회로(3로겸용),듀로플라스틱,아이보리,모듈,스위치류,LS990,커버 1회로 스위치,10770,
1회로(일괄소등),듀로플라스틱,아이보리,모듈,스위치류,506-20U,인서트 일괄소등 1회로 (3로겸용),42120,
1회로(일괄소등),듀로플라스틱,아이보리,모듈,스위치류,LS990,커버 1회로 스위치,10770,
2회로(단로전용),듀로플라스틱,아이보리,모듈,스위치류,505U,인서트 2회로 (단로전용),29730,
2회로(단로전용),듀로플라스틱,아이보리,모듈,스위치류,LS995,커버 2회로 스위치,16610,
2회로(3로겸용),듀로플라스틱,아이보리,모듈,스위치류,509U,인서트 2회로 (3로겸용),52890,
2회로(3로겸용),듀로플라스틱,아이보리,모듈,스위치류,LS995,커버 2회로 스위치,16610,
3회로(3로겸용),듀로플라스틱,아이보리,모듈,스위치류,5306EU,인서트 단로 3회로 (3로겸용),68340,1
3회로(3로겸용),듀로플라스틱,아이보리,모듈,스위치류,LS993BF,커버 3회로 스위치,33000,
로터리디밍,듀로플라스틱,아이보리,모듈,스위치류,1731DD,인서트 로터리디밍 (LED100W),311260,
로터리디밍,듀로플라스틱,아이보리,모듈,스위치류,LS1740,커버 로터리디밍,22460,
콘센트,듀로플라스틱,아이보리,모듈,콘센트류,LS1520KI,콘센트220V (인서트+커버),25970,
방우콘센트,듀로플라스틱,아이보리,모듈,콘센트류,LS1520KIKL,콘센트220V 방우형 (인서트+커버),43070,
콘센트(USB-A),듀로플라스틱,아이보리,모듈,콘센트류,LS1520-18A,콘센트220V USB-A (인서트+커버),215540,
콘센트(USB-C),듀로플라스틱,아이보리,모듈,콘센트류,LS1520-18C,콘센트220V USB-C (인서트+커버),215540,
콘센트(USB-C/A),듀로플라스틱,아이보리,모듈,콘센트류,LS1520-15CA,콘센트220V USB-C/A (인서트+커버),215540,
1회로(TEL/LAN),듀로플라스틱,아이보리,모듈,기타류,UAE8UPOK6,인서트 1P TEL/LAN,58520,
1회로(TEL/LAN),듀로플라스틱,아이보리,모듈,기타류,LS969-1UA,커버 1P TEL/LAN,12880,
2회로(TEL/LAN),듀로플라스틱,아이보리,모듈,기타류,UAE8-8UPOK6,인서트 2P TEL/LAN,78160,
2회로(TEL/LAN),듀로플라스틱,아이보리,모듈,기타류,LS969-2UA,커버 2P TEL/LAN,14170,
1구,듀로플라스틱,블랙,프레임,,LS981SW,프레임 1구,14740,
2구,듀로플라스틱,블랙,프레임,,LS982SW,프레임 2구,24110,
3구,듀로플라스틱,블랙,프레임,,LS983SW,프레임 3구,37910,
4구,듀로플라스틱,블랙,프레임,,LS984SW,프레임 4구,56410,
5구,듀로플라스틱,블랙,프레임,,LS985SW,프레임 5구,78870,
1회로(3로겸용),듀로플라스틱,블랙,모듈,스위치류,506U,인서트 1회로 (3로겸용),18960,
1회로(3로겸용),듀로플라스틱,블랙,모듈,스위치류,LS990SW,커버 1회로 스위치,19180,
1회로(일괄소등),듀로플라스틱,블랙,모듈,스위치류,506-20U,인서트 일괄소등 1회로 (3로겸용),42120,
1회로(일괄소등),듀로플라스틱,블랙,모듈,스위치류,LS990SW,커버 1회로 스위치,19180,
2회로(단로전용),듀로플라스틱,블랙,모듈,스위치류,505U,인서트 2회로 (단로전용),29730,
2회로(단로전용),듀로플라스틱,블랙,모듈,스위치류,LS995SW,커버 2회로 스위치,25750,
2회로(3로겸용),듀로플라스틱,블랙,모듈,스위치류,509U,인서트 2회로 (3로겸용),52890,
2회로(3로겸용),듀로플라스틱,블랙,모듈,스위치류,LS995SW,커버 2회로 스위치,25750,
3회로(3로겸용),듀로플라스틱,블랙,모듈,스위치류,5306EU,인서트 단로 3회로 (3로겸용),68340,1
3회로(3로겸용),듀로플라스틱,블랙,모듈,스위치류,LS993BFSW,커버 3회로 스위치,42120,
로터리디밍,듀로플라스틱,블랙,모듈,스위치류,1731DD,인서트 로터리디밍 (LED100W),311260,
로터리디밍,듀로플라스틱,블랙,모듈,스위치류,LS1740SW,커버 로터리디밍,34560,
콘센트,듀로플라스틱,블랙,모듈,콘센트류,LS1520KISW,콘센트220V (인서트+커버),33710,
방우콘센트,듀로플라스틱,블랙,모듈,콘센트류,LS1520KIKLSW,콘센트220V 방우형 (인서트+커버),47750,
콘센트(USB-A),듀로플라스틱,블랙,모듈,콘센트류,LS1520-18ASW,콘센트220V USB-A (인서트+커버),224660,
콘센트(USB-C),듀로플라스틱,블랙,모듈,콘센트류,LS1520-18CSW,콘센트220V USB-C (인서트+커버),224660,
콘센트(USB-C/A),듀로플라스틱,블랙,모듈,콘센트류,LS1520-15CASW,콘센트220V USB-C/A (인서트+커버),224660,
1회로(TEL/LAN),듀로플라스틱,블랙,모듈,기타류,UAE8UPOK6,인서트 1P TEL/LAN,58520,
1회로(TEL/LAN),듀로플라스틱,블랙,모듈,기타류,LS969-1UASW,커버 1P TEL/LAN,22000,
2회로(TEL/LAN),듀로플라스틱,블랙,모듈,기타류,UAE8-8UPOK6,인서트 2P TEL/LAN,78160,
2회로(TEL/LAN),듀로플라스틱,블랙,모듈,기타류,LS969-2UASW,커버 2P TEL/LAN,24200,
1구,듀로플라스틱,라이트그레이,프레임,,LS981LG,프레임 1구,14740,
2구,듀로플라스틱,라이트그레이,프레임,,LS982LG,프레임 2구,24110,
3구,듀로플라스틱,라이트그레이,프레임,,LS983LG,프레임 3구,37910,
4구,듀로플라스틱,라이트그레이,프레임,,LS984LG,프레임 4구,56410,
5구,듀로플라스틱,라이트그레이,프레임,,LS985LG,프레임 5구,78870,
1회로(3로겸용),듀로플라스틱,라이트그레이,모듈,스위치류,506U,인서트 1회로 (3로겸용),18960,
1회로(3로겸용),듀로플라스틱,라이트그레이,모듈,스위치류,LS990LG,커버 1회로 스위치,19180,
1회로(일괄소등),듀로플라스틱,라이트그레이,모듈,스위치류,506-20U,인서트 일괄소등 1회로 (3로겸용),42120,
1회로(일괄소등),듀로플라스틱,라이트그레이,모듈,스위치류,LS990LG,커버 1회로 스위치,19180,
2회로(단로전용),듀로플라스틱,라이트그레이,모듈,스위치류,505U,인서트 2회로 (단로전용),29730,
2회로(단로전용),듀로플라스틱,라이트그레이,모듈,스위치류,LS995LG,커버 2회로 스위치,25750,
2회로(3로겸용),듀로플라스틱,라이트그레이,모듈,스위치류,509U,인서트 2회로 (3로겸용),52890,
2회로(3로겸용),듀로플라스틱,라이트그레이,모듈,스위치류,LS995LG,커버 2회로 스위치,25750,
3회로(3로겸용),듀로플라스틱,라이트그레이,모듈,스위치류,5306EU,인서트 단로 3회로 (3로겸용),68340,1
3회로(3로겸용),듀로플라스틱,라이트그레이,모듈,스위치류,LS993BFLG,커버 3회로 스위치,42120,
로터리디밍,듀로플라스틱,라이트그레이,모듈,스위치류,1731DD,인서트 로터리디밍 (LED100W),311260,
로터리디밍,듀로플라스틱,라이트그레이,모듈,스위치류,LS1740LG,커버 로터리디밍,34560,
콘센트,듀로플라스틱,라이트그레이,모듈,콘센트류,LS1520KILG,콘센트220V (인서트+커버),33710,
방우콘센트,듀로플라스틱,라이트그레이,모듈,콘센트류,LS1520KIKLLG,콘센트220V 방우형 (인서트+커버),47750,
콘센트(USB-A),듀로플라스틱,라이트그레이,모듈,콘센트류,LS1520-18ALG,콘센트220V USB-A (인서트+커버),224660,
콘센트(USB-C),듀로플라스틱,라이트그레이,모듈,콘센트류,LS1520-18CLG,콘센트220V USB-C (인서트+커버),224660,
콘센트(USB-C/A),듀로플라스틱,라이트그레이,모듈,콘센트류,LS1520-15CALG,콘센트220V USB-C/A (인서트+커버),224660,
1회로(TEL/LAN),듀로플라스틱,라이트그레이,모듈,기타류,UAE8UPOK6,인서트 1P TEL/LAN,58520,
1회로(TEL/LAN),듀로플라스틱,라이트그레이,모듈,기타류,LS969-1UALG,커버 1P TEL/LAN,22000,
2회로(TEL/LAN),듀로플라스틱,라이트그레이,모듈,기타류,UAE8-8UPOK6,인서트 2P TEL/LAN,78160,
2회로(TEL/LAN),듀로플라스틱,라이트그레이,모듈,기타류,LS969-2UALG,커버 2P TEL/LAN,24200,
1구,듀로플라스틱,매트화이트,프레임,,LS981WWM,프레임 1구,22460,
2구,듀로플라스틱,매트화이트,프레임,,LS982WWM,프레임 2구,32300,
3구,듀로플라스틱,매트화이트,프레임,,LS983WWM,프레임 3구,55460,
4구,듀로플라스틱,매트화이트,프레임,,LS984WWM,프레임 4구,88690,
5구,듀로플라스틱,매트화이트,프레임,,LS985WWM,프레임 5구,135730,
1회로(3로겸용),듀로플라스틱,매트화이트,모듈,스위치류,506U,인서트 1회로 (3로겸용),18960,
1회로(3로겸용),듀로플라스틱,매트화이트,모듈,스위치류,LS990WWM,커버 1회로 스위치,23870,
1회로(일괄소등),듀로플라스틱,매트화이트,모듈,스위치류,506-20U,인서트 일괄소등 1회로 (3로겸용),42120,
1회로(일괄소등),듀로플라스틱,매트화이트,모듈,스위치류,LS990WWM,커버 1회로 스위치,23870,
2회로(단로전용),듀로플라스틱,매트화이트,모듈,스위치류,505U,인서트 2회로 (단로전용),29730,
2회로(단로전용),듀로플라스틱,매트화이트,모듈,스위치류,LS995WWM,커버 2회로 스위치,30650,
2회로(3로겸용),듀로플라스틱,매트화이트,모듈,스위치류,509U,인서트 2회로 (3로겸용),52890,
2회로(3로겸용),듀로플라스틱,매트화이트,모듈,스위치류,LS995WWM,커버 2회로 스위치,30650,
3회로(3로겸용),듀로플라스틱,매트화이트,모듈,스위치류,5306EU,인서트 단로 3회로 (3로겸용),68340,1
3회로(3로겸용),듀로플라스틱,매트화이트,모듈,스위치류,LS993BFWWM,커버 3회로 스위치,50780,
로터리디밍,듀로플라스틱,매트화이트,모듈,스위치류,1731DD,인서트 로터리디밍 (LED100W),311260,
로터리디밍,듀로플라스틱,매트화이트,모듈,스위치류,LS1740WWM,커버 로터리디밍,55040,
콘센트,듀로플라스틱,매트화이트,모듈,콘센트류,LS1520KIWWM,콘센트220V (인서트+커버),44940,
방우콘센트,듀로플라스틱,매트화이트,모듈,콘센트류,LS1520BFKIKLWWM,콘센트220V 방우형 (인서트+커버),62490,
콘센트(USB-A),듀로플라스틱,매트화이트,모듈,콘센트류,LS1520-18AWWM,콘센트220V USB-A (인서트+커버),245030,
콘센트(USB-C),듀로플라스틱,매트화이트,모듈,콘센트류,LS1520-18CWWM,콘센트220V USB-C (인서트+커버),245030,
콘센트(USB-C/A),듀로플라스틱,매트화이트,모듈,콘센트류,LS1520-15CAWWM,콘센트220V USB-C/A (인서트+커버),245030,
1회로(TEL/LAN),듀로플라스틱,매트화이트,모듈,기타류,UAE8UPOK6,인서트 1P TEL/LAN,58520,
1회로(TEL/LAN),듀로플라스틱,매트화이트,모듈,기타류,LS969-1UAWWM,커버 1P TEL/LAN,28080,
2회로(TEL/LAN),듀로플라스틱,매트화이트,모듈,기타류,UAE8-8UPOK6,인서트 2P TEL/LAN,78160,
2회로(TEL/LAN),듀로플라스틱,매트화이트,모듈,기타류,LS969-2UAWWM,커버 2P TEL/LAN,30900,
1구,듀로플라스틱,매트블랙,프레임,,LS981SWM,프레임 1구,22460,
2구,듀로플라스틱,매트블랙,프레임,,LS982SWM,프레임 2구,32300,
3구,듀로플라스틱,매트블랙,프레임,,LS983SWM,프레임 3구,55460,
4구,듀로플라스틱,매트블랙,프레임,,LS984SWM,프레임 4구,88690,
5구,듀로플라스틱,매트블랙,프레임,,LS985SWM,프레임 5구,135730,
1회로(3로겸용),듀로플라스틱,매트블랙,모듈,스위치류,506U,인서트 1회로 (3로겸용),18960,
1회로(3로겸용),듀로플라스틱,매트블랙,모듈,스위치류,LS990SWM,커버 1회로 스위치,23870,
1회로(일괄소등),듀로플라스틱,매트블랙,모듈,스위치류,506-20U,인서트 일괄소등 1회로 (3로겸용),42120,
1회로(일괄소등),듀로플라스틱,매트블랙,모듈,스위치류,LS990SWM,커버 1회로 스위치,23870,
2회로(단로전용),듀로플라스틱,매트블랙,모듈,스위치류,505U,인서트 2회로 (단로전용),29730,
2회로(단로전용),듀로플라스틱,매트블랙,모듈,스위치류,LS995SWM,커버 2회로 스위치,30650,
2회로(3로겸용),듀로플라스틱,매트블랙,모듈,스위치류,509U,인서트 2회로 (3로겸용),52890,
2회로(3로겸용),듀로플라스틱,매트블랙,모듈,스위치류,LS995SWM,커버 2회로 스위치,30650,
3회로(3로겸용),듀로플라스틱,매트블랙,모듈,스위치류,5306EU,인서트 단로 3회로 (3로겸용),68340,1
3회로(3로겸용),듀로플라스틱,매트블랙,모듈,스위치류,LS993BFSWM,커버 3회로 스위치,50780,
로터리디밍,듀로플라스틱,매트블랙,모듈,스위치류,1731DD,인서트 로터리디밍 (LED100W),311260,
로터리디밍,듀로플라스틱,매트블랙,모듈,스위치류,LS1740SWM,커버 로터리디밍,55040,
콘센트,듀로플라스틱,매트블랙,모듈,콘센트류,LS1520KISWM,콘센트220V (인서트+커버),44940,
방우콘센트,듀로플라스틱,매트블랙,모듈,콘센트류,LS1520BFKIKLSWM,콘센트220V 방우형 (인서트+커버),62490,
콘센트(USB-A),듀로플라스틱,매트블랙,모듈,콘센트류,LS1520-18ASWM,콘센트220V USB-A (인서트+커버),245030,
콘센트(USB-C),듀로플라스틱,매트블랙,모듈,콘센트류,LS1520-18CSWM,콘센트220V USB-C (인서트+커버),245030,
콘센트(USB-C/A),듀로플라스틱,매트블랙,모듈,콘센트류,LS1520-15CASWM,콘센트220V USB-C/A (인서트+커버),245030,
1회로(TEL/LAN),듀로플라스틱,매트블랙,모듈,기타류,UAE8UPOK6,인서트 1P TEL/LAN,58520,
1회로(TEL/LAN),듀로플라스틱,매트블랙,모듈,기타류,LS969-1UASWM,커버 1P TEL/LAN,28080,
2회로(TEL/LAN),듀로플라스틱,매트블랙,모듈,기타류,UAE8-8UPOK6,인서트 2P TEL/LAN,78160,
2회로(TEL/LAN),듀로플라스틱,매트블랙,모듈,기타류,LS969-2UASWM,커버 2P TEL/LAN,30900,
1구,메탈,스테인레스스틸,프레임,,ES2981,프레임 1구,37910,
2구,메탈,스테인레스스틸,프레임,,ES2982,프레임 2구,58520,
3구,메탈,스테인레스스틸,프레임,,ES2983,프레임 3구,97130,
4구,메탈,스테인레스스틸,프레임,,ES2984,프레임 4구,155400,
5구,메탈,스테인레스스틸,프레임,,ES2985,프레임 5구,246660,
1회로(3로겸용),메탈,스테인레스스틸,모듈,스위치류,506U,인서트 1회로 (3로겸용),18960,
1회로(3로겸용),메탈,스테인레스스틸,모듈,스위치류,ES2990,커버 1회로 스위치,28320,
1회로(일괄소등),메탈,스테인레스스틸,모듈,스위치류,506-20U,인서트 일괄소등 1회로 (3로겸용),42120,
1회로(일괄소등),메탈,스테인레스스틸,모듈,스위치류,ES2990,커버 1회로 스위치,28320,
2회로(단로전용),메탈,스테인레스스틸,모듈,스위치류,505U,인서트 2회로 (단로전용),29730,
2회로(단로전용),메탈,스테인레스스틸,모듈,스위치류,ES2995,커버 2회로 스위치,35340,
2회로(3로겸용),메탈,스테인레스스틸,모듈,스위치류,509U,인서트 2회로 (3로겸용),52890,
2회로(3로겸용),메탈,스테인레스스틸,모듈,스위치류,ES2995,커버 2회로 스위치,35340,
3회로(3로겸용),메탈,스테인레스스틸,모듈,스위치류,5306EU,인서트 단로 3회로 (3로겸용),68340,1
3회로(3로겸용),메탈,스테인레스스틸,모듈,스위치류,ES993,커버 3회로 스위치,52890,
로터리디밍,메탈,스테인레스스틸,모듈,스위치류,1731DD,인서트 로터리디밍 (LED100W),311260,
로터리디밍,메탈,스테인레스스틸,모듈,스위치류,ES1740,커버 로터리디밍,81290,
콘센트,메탈,스테인레스스틸,모듈,콘센트류,ES1520KI,콘센트220V (인서트+커버),51250,
방우콘센트,메탈,스테인레스스틸,모듈,콘센트류,ES1520KIKL,콘센트220V 방우형 (인서트+커버),64820,
콘센트(USB-A),메탈,스테인레스스틸,모듈,콘센트류,ES1520-18A-L,콘센트220V USB-A (인서트+커버),320880,
콘센트(USB-C),메탈,스테인레스스틸,모듈,콘센트류,ES1520-18C-L,콘센트220V USB-C (인서트+커버),320880,
콘센트(USB-C/A),메탈,스테인레스스틸,모듈,콘센트류,ES1520-15CA-L,콘센트220V USB-C/A (인서트+커버),320880,
1회로(TEL/LAN),메탈,스테인레스스틸,모듈,기타류,UAE8UPOK6,인서트 1P TEL/LAN,58520,
1회로(TEL/LAN),메탈,스테인레스스틸,모듈,기타류,ES2969-1UA,커버 1P TEL/LAN,34410,
2회로(TEL/LAN),메탈,스테인레스스틸,모듈,기타류,UAE8-8UPOK6,인서트 2P TEL/LAN,78160,
2회로(TEL/LAN),메탈,스테인레스스틸,모듈,기타류,ES2969-2UA,커버 2P TEL/LAN,37850,
1구,메탈,알루미늄,프레임,,AL2981,프레임 1구,37910,
2구,메탈,알루미늄,프레임,,AL2982,프레임 2구,58520,
3구,메탈,알루미늄,프레임,,AL2983,프레임 3구,97130,
4구,메탈,알루미늄,프레임,,AL2984,프레임 4구,155400,
5구,메탈,알루미늄,프레임,,AL2985,프레임 5구,246660,
1회로(3로겸용),메탈,알루미늄,모듈,스위치류,506U,인서트 1회로 (3로겸용),18960,
1회로(3로겸용),메탈,알루미늄,모듈,스위치류,AL2990,커버 1회로 스위치,28320,
1회로(일괄소등),메탈,알루미늄,모듈,스위치류,506-20U,인서트 일괄소등 1회로 (3로겸용),42120,
1회로(일괄소등),메탈,알루미늄,모듈,스위치류,AL2990,커버 1회로 스위치,28320,
2회로(단로전용),메탈,알루미늄,모듈,스위치류,505U,인서트 2회로 (단로전용),29730,
2회로(단로전용),메탈,알루미늄,모듈,스위치류,AL2995,커버 2회로 스위치,35340,
2회로(3로겸용),메탈,알루미늄,모듈,스위치류,509U,인서트 2회로 (3로겸용),52890,
2회로(3로겸용),메탈,알루미늄,모듈,스위치류,AL2995,커버 2회로 스위치,35340,
3회로(3로겸용),메탈,알루미늄,모듈,스위치류,5306EU,인서트 단로 3회로 (3로겸용),68340,1
3회로(3로겸용),메탈,알루미늄,모듈,스위치류,AL993,커버 3회로 스위치,52890,
로터리디밍,메탈,알루미늄,모듈,스위치류,1731DD,인서트 로터리디밍 (LED100W),311260,
로터리디밍,메탈,알루미늄,모듈,스위치류,AL1740,커버 로터리디밍,81290,
콘센트,메탈,알루미늄,모듈,콘센트류,AL1520KI,콘센트220V (인서트+커버),51250,
방우콘센트,메탈,알루미늄,모듈,콘센트류,AL1520KIKL,콘센트220V 방우형 (인서트+커버),64820,
콘센트(USB-A),메탈,알루미늄,모듈,콘센트류,AL1520-18A,콘센트220V USB-A (인서트+커버),320880,
콘센트(USB-C),메탈,알루미늄,모듈,콘센트류,AL1520-18C,콘센트220V USB-C (인서트+커버),320880,
콘센트(USB-C/A),메탈,알루미늄,모듈,콘센트류,AL1520-15CA,콘센트220V USB-C/A (인서트+커버),320880,
1회로(TEL/LAN),메탈,알루미늄,모듈,기타류,UAE8UPOK6,인서트 1P TEL/LAN,58520,
1회로(TEL/LAN),메탈,알루미늄,모듈,기타류,AL2969-1UA,커버 1P TEL/LAN,34410,
2회로(TEL/LAN),메탈,알루미늄,모듈,기타류,UAE8-8UPOK6,인서트 2P TEL/LAN,78160,
2회로(TEL/LAN),메탈,알루미늄,모듈,기타류,AL2969-2UA,커버 2P TEL/LAN,37850,
1구,메탈,앤트라사이트,프레임,,AL2981AN,프레임 1구 앤트러사이트,37910,
2구,메탈,앤트라사이트,프레임,,AL2982AN,프레임 2구 앤트러사이트,58520,
3구,메탈,앤트라사이트,프레임,,AL2983AN,프레임 3구 앤트러사이트,97130,
4구,메탈,앤트라사이트,프레임,,AL2984AN,프레임 4구 앤트러사이트,155400,
5구,메탈,앤트라사이트,프레임,,AL2985AN,프레임 5구 앤트러사이트,246660,
1회로(3로겸용),메탈,앤트라사이트,모듈,스위치류,506U,인서트 1회로 (3로겸용),18960,
1회로(3로겸용),메탈,앤트라사이트,모듈,스위치류,AL2990AN,커버 1회로 스위치 앤트러사이트,28320,
1회로(일괄소등),메탈,앤트라사이트,모듈,스위치류,506-20U,인서트 일괄소등 1회로 (3로겸용),42120,
1회로(일괄소등),메탈,앤트라사이트,모듈,스위치류,AL2990AN,커버 1회로 스위치 앤트러사이트,28320,
2회로(단로전용),메탈,앤트라사이트,모듈,스위치류,505U,인서트 2회로 (단로전용),29730,
2회로(단로전용),메탈,앤트라사이트,모듈,스위치류,AL2995AN,커버 2회로 스위치 앤트러사이트,35340,
2회로(3로겸용),메탈,앤트라사이트,모듈,스위치류,509U,인서트 2회로 (3로겸용),52890,
2회로(3로겸용),메탈,앤트라사이트,모듈,스위치류,AL2995AN,커버 2회로 스위치 앤트러사이트,35340,
3회로(3로겸용),메탈,앤트라사이트,모듈,스위치류,5306EU,인서트 단로 3회로 (3로겸용),68340,1
3회로(3로겸용),메탈,앤트라사이트,모듈,스위치류,AL993AN,커버 3회로 스위치 앤트러사이트,52890,
로터리디밍,메탈,앤트라사이트,모듈,스위치류,1731DD,인서트 로터리디밍 (LED100W),311260,
로터리디밍,메탈,앤트라사이트,모듈,스위치류,AL1740AN,커버 로터리디밍 앤트러사이트,81290,
콘센트,메탈,앤트라사이트,모듈,콘센트류,AL1520KIAN,콘센트220V 앤트러사이트 (인서트커버),51250,
방우콘센트,메탈,앤트라사이트,모듈,콘센트류,AL1520KIKLAN,콘센트220V 방우형 앤트러사이트 (인서트커버),64820,
콘센트(USB-A),메탈,앤트라사이트,모듈,콘센트류,AL1520-18AAN,콘센트220V USB-A (인서트+커버),320880,
콘센트(USB-C),메탈,앤트라사이트,모듈,콘센트류,AL1520-18CAN,콘센트220V USB-C (인서트+커버),320880,
콘센트(USB-C/A),메탈,앤트라사이트,모듈,콘센트류,AL1520-15CAAN,콘센트220V USB-C/A (인서트+커버),320880,
1회로(TEL/LAN),메탈,앤트라사이트,모듈,기타류,UAE8UPOK6,인서트 1P TEL/LAN,58520,
1회로(TEL/LAN),메탈,앤트라사이트,모듈,기타류,AL2969-1UAAN,커버 1P TEL/LAN 앤트러사이트,34410,
2회로(TEL/LAN),메탈,앤트라사이트,모듈,기타류,UAE8-8UPOK6,인서트 2P TEL/LAN,78160,
2회로(TEL/LAN),메탈,앤트라사이트,모듈,기타류,AL2969-2UAAN,커버 2P TEL/LAN 앤트러사이트,37850,
1구,메탈,다크,프레임,,AL2981D,프레임 1구,42370,
2구,메탈,다크,프레임,,AL2982D,프레임 2구,65290,
3구,메탈,다크,프레임,,AL2983D,프레임 3구,108820,
4구,메탈,다크,프레임,,AL2984D,프레임 4구,173640,
5구,메탈,다크,프레임,,AL2985D,프레임 5구,275450,
1회로(3로겸용),메탈,다크,모듈,스위치류,506U,인서트 1회로 (3로겸용),18960,
1회로(3로겸용),메탈,다크,모듈,스위치류,AL2990D,커버 1회로 스위치,31120,
1회로(일괄소등),메탈,다크,모듈,스위치류,506-20U,인서트 일괄소등 1회로 (3로겸용),42120,
1회로(일괄소등),메탈,다크,모듈,스위치류,AL2990D,커버 1회로 스위치,31120,
2회로(단로전용),메탈,다크,모듈,스위치류,505U,인서트 2회로 (단로전용),29730,
2회로(단로전용),메탈,다크,모듈,스위치류,AL2995D,커버 2회로 스위치,39310,
2회로(3로겸용),메탈,다크,모듈,스위치류,509U,인서트 2회로 (3로겸용),52890,
2회로(3로겸용),메탈,다크,모듈,스위치류,AL2995D,커버 2회로 스위치,39310,
3회로(3로겸용),메탈,다크,모듈,스위치류,5306EU,인서트 단로 3회로 (3로겸용),68340,1
3회로(3로겸용),메탈,다크,모듈,스위치류,AL993D,커버 3회로 스위치,57570,
로터리디밍,메탈,다크,모듈,스위치류,1731DD,인서트 로터리디밍 (LED100W),311260,
로터리디밍,메탈,다크,모듈,스위치류,AL1740D,커버 로터리디밍,94090,
콘센트,메탈,다크,모듈,콘센트류,AL1520KID,콘센트220V (인서트+커버),56870,
방우콘센트,메탈,다크,모듈,콘센트류,AL1520KIKLD,콘센트220V 방우형 (인서트+커버),72320,
콘센트(USB-A),메탈,다크,모듈,콘센트류,AL1520-18AD,콘센트220V USB-A (인서트+커버),327760,
콘센트(USB-C),메탈,다크,모듈,콘센트류,AL1520-18CD,콘센트220V USB-C (인서트+커버),327760,
콘센트(USB-C/A),메탈,다크,모듈,콘센트류,AL1520-15CAD,콘센트220V USB-C/A (인서트+커버),327760,
1회로(TEL/LAN),메탈,다크,모듈,기타류,UAE8UPOK6,인서트 1P TEL/LAN,58520,
1회로(TEL/LAN),메탈,다크,모듈,기타류,AL2969-1UAD,커버 1P TEL/LAN,38150,
2회로(TEL/LAN),메탈,다크,모듈,기타류,UAE8-8UPOK6,인서트 2P TEL/LAN,78160,
2회로(TEL/LAN),메탈,다크,모듈,기타류,AL2969-2UAD,커버 2P TEL/LAN,41960,
1구,메탈,클래식브래스,프레임,,ME2981C,프레임 1구,74430,
2구,메탈,클래식브래스,프레임,,ME2982C,프레임 2구,115850,
3구,메탈,클래식브래스,프레임,,ME2983C,프레임 3구,193070,
4구,메탈,클래식브래스,프레임,,ME2984C,프레임 4구,334890,
5구,메탈,클래식브래스,프레임,,ME2985C,프레임 5구,551130,
1회로(3로겸용),메탈,클래식브래스,모듈,스위치류,506U,인서트 1회로 (3로겸용),18960,
1회로(3로겸용),메탈,클래식브래스,모듈,스위치류,ME2990C,커버 1회로 스위치,50320,
1회로(일괄소등),메탈,클래식브래스,모듈,스위치류,506-20U,인서트 일괄소등 1회로 (3로겸용),42120,
1회로(일괄소등),메탈,클래식브래스,모듈,스위치류,ME2990C,커버 1회로 스위치,50320,
2회로(단로전용),메탈,클래식브래스,모듈,스위치류,505U,인서트 2회로 (단로전용),29730,
2회로(단로전용),메탈,클래식브래스,모듈,스위치류,ME2995C,커버 2회로 스위치,56870,
2회로(3로겸용),메탈,클래식브래스,모듈,스위치류,509U,인서트 2회로 (3로겸용),52890,
2회로(3로겸용),메탈,클래식브래스,모듈,스위치류,ME2995C,커버 2회로 스위치,56870,
3회로(3로겸용),메탈,클래식브래스,모듈,스위치류,5306EU,인서트 단로 3회로 (3로겸용),68340,1
3회로(3로겸용),메탈,클래식브래스,모듈,스위치류,ME993C,커버 3회로 스위치,76760,
로터리디밍,메탈,클래식브래스,모듈,스위치류,1731DD,인서트 로터리디밍 (LED100W),311260,
로터리디밍,메탈,클래식브래스,모듈,스위치류,ME1740C,커버 로터리디밍,110910,
콘센트,메탈,클래식브래스,모듈,콘센트류,ME1520KIC,콘센트220V (인서트+커버),74430,
방우콘센트,메탈,클래식브래스,모듈,콘센트류,ME1520KIKLC,콘센트220V 방우형 (인서트+커버),92200,
콘센트(USB-A),메탈,클래식브래스,모듈,콘센트류,ME1520-18AC,콘센트220V USB-A (인서트+커버),353110,
콘센트(USB-C),메탈,클래식브래스,모듈,콘센트류,ME1520-18CC,콘센트220V USB-C (인서트+커버),353110,
콘센트(USB-C/A),메탈,클래식브래스,모듈,콘센트류,ME1520-15CAC,콘센트220V USB-C/A (인서트+커버),353110,
1회로(TEL/LAN),메탈,클래식브래스,모듈,기타류,UAE8UPOK6,인서트 1P TEL/LAN,58520,
1회로(TEL/LAN),메탈,클래식브래스,모듈,기타류,ME2969-1UAC,커버 1P TEL/LAN,50780,
2회로(TEL/LAN),메탈,클래식브래스,모듈,기타류,UAE8-8UPOK6,인서트 2P TEL/LAN,78160,
2회로(TEL/LAN),메탈,클래식브래스,모듈,기타류,ME2969-2UAC,커버 2P TEL/LAN,55870,
1구,메탈,앤틱브래스,프레임,,ME2981AT,프레임 1구,74430,
2구,메탈,앤틱브래스,프레임,,ME2982AT,프레임 2구,115850,
3구,메탈,앤틱브래스,프레임,,ME2983AT,프레임 3구,193070,
4구,메탈,앤틱브래스,프레임,,ME2984AT,프레임 4구,334890,
5구,메탈,앤틱브래스,프레임,,ME2985AT,프레임 5구,551130,
1회로(3로겸용),메탈,앤틱브래스,모듈,스위치류,506U,인서트 1회로 (3로겸용),18960,
1회로(3로겸용),메탈,앤틱브래스,모듈,스위치류,ME2990AT,커버 1회로 스위치,50320,
1회로(일괄소등),메탈,앤틱브래스,모듈,스위치류,506-20U,인서트 일괄소등 1회로 (3로겸용),42120,
1회로(일괄소등),메탈,앤틱브래스,모듈,스위치류,ME2990AT,커버 1회로 스위치,50320,
2회로(단로전용),메탈,앤틱브래스,모듈,스위치류,505U,인서트 2회로 (단로전용),29730,
2회로(단로전용),메탈,앤틱브래스,모듈,스위치류,ME2995AT,커버 2회로 스위치,56870,
2회로(3로겸용),메탈,앤틱브래스,모듈,스위치류,509U,인서트 2회로 (3로겸용),52890,
2회로(3로겸용),메탈,앤틱브래스,모듈,스위치류,ME2995AT,커버 2회로 스위치,56870,
3회로(3로겸용),메탈,앤틱브래스,모듈,스위치류,5306EU,인서트 단로 3회로 (3로겸용),68340,1
3회로(3로겸용),메탈,앤틱브래스,모듈,스위치류,ME993AT,커버 3회로 스위치,76760,
로터리디밍,메탈,앤틱브래스,모듈,스위치류,1731DD,인서트 로터리디밍 (LED100W),311260,
로터리디밍,메탈,앤틱브래스,모듈,스위치류,ME1740AT,커버 로터리디밍,110910,
콘센트,메탈,앤틱브래스,모듈,콘센트류,ME1520KIAT,콘센트220V (인서트+커버),74430,
방우콘센트,메탈,앤틱브래스,모듈,콘센트류,ME1520KIKLAT,콘센트220V 방우형 (인서트+커버),92200,
콘센트(USB-A),메탈,앤틱브래스,모듈,콘센트류,ME1520-18AAT,콘센트220V USB-A (인서트+커버),353110,
콘센트(USB-C),메탈,앤틱브래스,모듈,콘센트류,ME1520-18CAT,콘센트220V USB-C (인서트+커버),353110,
콘센트(USB-C/A),메탈,앤틱브래스,모듈,콘센트류,ME1520-15CAAT,콘센트220V USB-C/A (인서트+커버),353110,
1회로(TEL/LAN),메탈,앤틱브래스,모듈,기타류,UAE8UPOK6,인서트 1P TEL/LAN,58520,
1회로(TEL/LAN),메탈,앤틱브래스,모듈,기타류,ME2969-1UAAT,커버 1P TEL/LAN,50780,
2회로(TEL/LAN),메탈,앤틱브래스,모듈,기타류,UAE8-8UPOK6,인서트 2P TEL/LAN,78160,
2회로(TEL/LAN),메탈,앤틱브래스,모듈,기타류,ME2969-2UAAT,커버 2P TEL/LAN,55870,
메탈사각박스,,,매립박스,매립박스,BS6042M-50,메탈사각박스,4680,
원형박스(H47),,,매립박스,매립박스,9063-02,원형박스(H47) 플라스틱,5620,
원형박스(H61),,,매립박스,매립박스,9064-02,원형박스(H61) 플라스틱,5620,
2구원형박스(H48),,,매립박스,매립박스,9252-22,2구원형박스(H48) 플라스틱,11710,
3구원형박스(H48),,,매립박스,매립박스,9253-22,3구원형박스(H48) 플라스틱,17000,
4구원형박스(H48),,,매립박스,매립박스,9254-22,4구원형박스(H48) 플라스틱,20090,